SubCat,TotalPages50PerPage
/issues/racial-justice,5
/issues/curriculum,2
/issues/guns,25
/issues/standards,1
/issues/hivaids,1
/issues/defense-funding,3
/issues/cabinet-agencies,18
/issues/teachers,2
/issues/climate-change,27
/issues/food-insecurity,5
/issues/nominations-appointments,24
/issues/the-house-of-representatives,10
/issues/early-education,1
/issues/research-funding,1
/issues/international-conflicts,14
/issues/interrogation,8
/issues/college-financial-aid,1
/issues/housing,3
/issues/school-vouchers,1
/issues/health-care-reform,62
/issues/jobs-wages-unemployment,29
/issues/enforcement,5
/issues/reproductive-choice,17
/issues/crime,7
/issues/war-in-iraq,31
/issues/the-senate,11
/issues/voting-rights-issues,10
/issues/class,3
/issues/intellectual-freedom,1
/issues/labor-unions,13
/issues/religion,35
/issues/campaign-finance,4
/issues/race-ethnicity,48
/issues/border-security,5
/issues/net-neutrality,1
/issues/the-judiciary,21
/issues/evolution-intelligent-design,1
/issues/gender,30
/issues/poverty,10
/issues/intelligence,9
/issues/energy,16
/issues/conservation,3
/issues/military-personnel-veterans,9
/issues/immigration-myths,6
/issues/domestic-spying,6
/issues/election-law,5
/issues/social-security,7
/issues/religion-in-schools,1
/issues/taxes,22
/issues/trade,1
/issues/international-aid,2
/issues/drilling,8
/issues/the-presidency-white-house,75
/issues/stem-cell-research,1
/issues/lgbt,32
/issues/mental-health,1
/issues/medicare,3
/issues/war-in-afghanistan,5
/issues/childrens-health,3
/issues/medicaid,2
/issues/education-funding,2
/issues/effect-on-social-services,1
/issues/detention,5
/issues/endangered-species,1
/issues/budget,24
/issues/death-penalty,1
/issues/immigration-reform,12
/issues/ethics,11
/issues/terrorism,28
/issues/end-of-life-issues,3
/issues/common-core,1
